product_name, shipping
EVGA GeForce RTX 2070 SUPER BLACK GAMING| 08G-P4-3071-KR , $3.99 Shipping
ASUS ROG Strix Radeon RX 5700 XT ROG-STRIX-RX5700XT-O8G-GAMING Video Card , Free Shipping
MSI GeForce GTX 1660 DirectX 12 GTX 1660 VENTUS XS 6G OC Video Card , Free Shipping
Sapphire PULSE Radeon RX 580 8GB GDDR5 PCI-E Dual HDMI / DVI-D / Dual DP OC w/ Backplate (UEFI)| 100411P8GOCL , Free Shipping
EVGA GeForce RTX 2060 KO GAMING Video Card| 06G-P4-2066-KR| 6GB GDDR6| Dual Fans| Metal Backplate , $3.99 Shipping
XFX Radeon RX 570 DirectX 12 RX-570P8DFD6 Video Card , $3.99 Shipping
ASUS Dual GeForce RTX 2080 Ti DirectX 12 DUAL-RTX2080TI-O11G Video Card , Free Shipping
MSI Radeon RX 5700 DirectX 12 RX 5700 EVOKE OC Video Card , Free Shipping
XFX RADEON RX 590 FATBOY Core Edition 8GB 1580MHz DDR5 3xDP HDMI DVI PCI Express 3.0 Graphics Card RX-590P8DLD6 , $3.99 Shipping
EVGA GeForce GTX 1660 SC ULTRA GAMING| 06G-P4-1067-KR| 6GB GDDR5| Dual Fan| Metal Backplate , Free Shipping
GIGABYTE Radeon RX 5700 XT GAMING OC 8G Graphics Card| GV-R57XTGAMING OC-8GD , Free Shipping
ASRock Phantom Gaming X Radeon RX Vega 56 DirectX 12 RX VEGA 56 8G Video Card , Free Shipping
EVGA GeForce RTX 2080 Ti XC HYBRID GAMING| 11G-P4-2384-KR| 11GB GDDR6| HYBRID| RGB LED Logo| Metal Backplate , $3.99 Shipping
XFX Radeon RX 5600 XT DirectX 12 RX-56XT6DFD6 Video Card , $3.99 Shipping
XFX RS XXX Edition Radeon RX 570 DirectX 12 RX-570P427D6 4GB OC+ 1284 MHz XFX Custom Backplate 256-Bit DDR5 PCI Express 3.0 CrossFireX Support Video Card , Free Shipping
ASUS ROG Strix Radeon RX 570 O4G Gaming OC Edition GDDR5 DP HDMI DVI VR Ready AMD Graphics Card (ROG-STRIX-RX570-O4G-GAMING) , Free Shipping
EVGA GeForce RTX 2060 XC GAMING| 6GB GDDR6| HDB Fan Graphics Card 06G-P4-2063-KR , $3.99 Shipping
ASRock Phantom Gaming D Radeon RX 5700 XT 8G OC Video Card| RX5700XT PGD 8GO , $6.99 Shipping
EVGA GeForce RTX 2080 Ti K|NGP|N GAMING| 11G-P4-2589-KR| 11GB GDDR6| iCX2 Technology| OLED Display| Metal Backplate , $3.99 Shipping
GIGABYTE Radeon RX 5500 XT DirectX 12 GV-R55XTOC-8GD Video Card , $1.99 Shipping
MSI GeForce RTX 2080 SUPER DirectX 12 RTX 2080 Super Gaming X TRIO Video Card , Free Shipping
ASRock Phantom Gaming X Radeon RX 580 DirectX 12 RX580 8G OC Video Card , $6.99 Shipping
GIGABYTE Radeon RX 5600 XT DirectX 12 GV-R56XTGAMING OC-6G Video Card , $3.99 Shipping
EVGA GeForce RTX 2080 SUPER XC HYBRID GAMING| 08G-P4-3188-KR| 8GB GDDR6| RGB LED Logo| Metal Backplate , Free Shipping
EVGA GeForce RTX 2060 SC GAMING| 06G-P4-2062-KR| 6GB GDDR6| HDB Fan , Free Shipping
EVGA GeForce RTX 2080 SUPER BLACK GAMING| 08G-P4-3081-KR| 8GB GDDR6 , $3.99 Shipping
ASUS GeForce RTX 2070 Super Overclocked 8G EVO Gaming Graphics Card (DUAL-RTX2070S-O8G-EVO) , Free Shipping
ZOTAC GeForce GTX 1060 DirectX 12 ZT-P10620A-10M Video Card , Free Shipping
ZOTAC GAMING GeForce GTX 1660 Ti 6GB GDDR6 192-bit Gaming Graphics Card| Super Compact| ZT-T16610F-10L , Free Shipping
XFX Radeon VII DirectX 12 RX-VEGMA3FD6 Video Card , Free Shipping
SAPPHIRE PULSE Radeon RX 5700 XT 100416P8GL Video Card , $3.99 Shipping
ASUS GeForce RTX 2080 Advanced Overclocked 8G GDDR6 Dual-Fan Edition VR Ready HDMI DP USB Type-C Graphics Card (DUAL-RTX2080-A8G) , Free Shipping
ASUS ROG Strix GeForce RTX 2080 Ti DirectX 12 ROG-STRIX-RTX2080TI-11G-GAMING Video Card , $6.99 Shipping
SAPPHIRE PULSE Radeon RX 570 DirectX 12 100412P4GITXL 4GB 256-Bit GDDR5 CrossFireX Support ITX Video Card , $3.99 Shipping
GIGABYTE GeForce RTX 2080 Super WINDFORCE OC 8G Graphics Card| GV-N208SWF3OC-8GD , Free Shipping
EVGA GeForce RTX 2070 SUPER XC ULTRA GAMING| 08G-P4-3173-KR , $3.99 Shipping
